{
  "recency_days": {
    "mean": 237.8304344915311,
    "std": 152.50013598808985,
    "min": 1.0,
    "max": 695.0,
    "p25": 114.0,
    "p50": 219.0,
    "p75": 346.0
  },
  "frequency": {
    "mean": 1.033848831760059,
    "std": 0.21369324528673203,
    "min": 1.0,
    "max": 15.0,
    "p25": 1.0,
    "p50": 1.0,
    "p75": 1.0
  },
  "total_items": {
    "mean": 1.2358304880498092,
    "std": 0.7790000375569174,
    "min": 1.0,
    "max": 26.0,
    "p25": 1.0,
    "p50": 1.0,
    "p75": 1.0
  },
  "avg_item_price": {
    "mean": 126.14199233953471,
    "std": 193.07762943026617,
    "min": 0.85,
    "max": 6735.0,
    "p25": 42.9,
    "p50": 79.0,
    "p75": 139.9
  },
  "freight_ratio": {
    "mean": 0.3067859260116961,
    "std": 0.3043993695319185,
    "min": 0.0,
    "max": 21.447058823529414,
    "p25": 0.13201015462727902,
    "p50": 0.2241904761904762,
    "p75": 0.37844611528822053
  },
  "unique_products": {
    "mean": 1.069009841333601,
    "std": 0.3187145479392695,
    "min": 1.0,
    "max": 14.0,
    "p25": 1.0,
    "p50": 1.0,
    "p75": 1.0
  },
  "unique_sellers": {
    "mean": 1.0382540001338958,
    "std": 0.21990877016480934,
    "min": 1.0,
    "max": 10.0,
    "p25": 1.0,
    "p50": 1.0,
    "p75": 1.0
  },
  "avg_installments": {
    "mean": 2.9023954616121714,
    "std": 2.678600950833977,
    "min": 0.0,
    "max": 24.0,
    "p25": 1.0,
    "p50": 2.0,
    "p75": 4.0
  },
  "avg_review_score": {
    "mean": 4.158857569906978,
    "std": 1.2787915604009077,
    "min": 1.0,
    "max": 5.0,
    "p25": 4.0,
    "p50": 5.0,
    "p75": 5.0
  },
  "customer_lifetime_days": {
    "mean": 2.7165963714266588,
    "std": 25.59901804151144,
    "min": 0.0,
    "max": 633.0,
    "p25": 0.0,
    "p50": 0.0,
    "p75": 0.0
  },
  "orders_per_month": {
    "mean": 1.0095210412696043,
    "std": 0.1496157318944156,
    "min": 0.09868421052631579,
    "max": 6.0,
    "p25": 1.0,
    "p50": 1.0,
    "p75": 1.0
  },
  "state_encoded": {
    "mean": 18.631385150967397,
    "std": 7.092099040241408,
    "min": 0.0,
    "max": 26.0,
    "p25": 12.0,
    "p50": 22.0,
    "p75": 25.0
  }
}